{"index": "71", "image": "http://p0.meituan.net/movie/2526f77c650bf7cf3d5ee2dccdeac332244951.jpg@160w_220h_1e_1c", "name": "æœ¬æ°æ˜Â·å·´é¡¿å¥‡äº‹", "actor": "ä¸»æ¼”ï¼šå¸ƒæ‹‰å¾·Â·çš®ç‰¹,å‡¯ç‰¹Â·å¸ƒå…°åˆ‡ç‰¹,å¡”æ‹‰å‰Â·PÂ·æ±‰æ£®", "time": "ä¸Šæ˜ æ—¶é—´ï¼š2008-12-25(ç¾å›½)", "star": "8.8"}
{"index": "51", "image": "http://p0.meituan.net/movie/85c2bfba6025bfbfb53291ae5924c215308805.jpg@160w_220h_1e_1c", "name": "ç¥å·å¥¶çˆ¸", "actor": "ä¸»æ¼”ï¼šå²è’‚å¤«Â·å¡ç‘å°”,æ°æ£®Â·å¸­æ ¼å°”,æ‹‰å¡å°”Â·å¸ƒå…°å¾·", "time": "ä¸Šæ˜ æ—¶é—´ï¼š2010-07-09(ç¾å›½)", "star": "9.0"}
{"index": "72", "image": "http://p1.meituan.net/movie/7ed07b8ea8c0e0d0c7b685d20e3ec64e232004.jpg@160w_220h_1e_1c", "name": "åˆæ‹è¿™ä»¶å°äº‹", "actor": "ä¸»æ¼”ï¼šé©¬é‡Œå¥¥Â·æ¯›ç‘å°”,å¹³é‡‡å¨œÂ·ä¹ç»´ç‘Ÿæ´¾å¸ƒæ©,é˜¿æŸ¥æ‹‰é‚£Â·é˜¿ç‘äºšå«è€ƒ", "time": "ä¸Šæ˜ æ—¶é—´ï¼š2012-06-05", "star": "8.8"}
{"index": "52", "image": "http://p0.meituan.net/movie/47dd790e19dad72b50580641de5608c5199014.jpg@160w_220h_1e_1c", "name": "é£å±‹ç¯æ¸¸è®°", "actor": "ä¸»æ¼”ï¼šçˆ±å¾·åÂ·é˜¿æ–¯çº³,ä¹”ä¸¹Â·é•¿äº•,é²å‹ƒÂ·å½¼å¾·æ£®", "time": "ä¸Šæ˜ æ—¶é—´ï¼š2009-08-04", "star": "8.9"}
{"index": "61", "image": "http://p1.meituan.net/movie/75c0d3eb584be030a01f2e26741a8f41251454.jpg@160w_220h_1e_1c", "name": "è‡´å‘½é­”æœ¯", "actor": "ä¸»æ¼”ï¼šä¼‘Â·æ°å…‹æ›¼,å…‹é‡Œæ–¯è’‚å®‰Â·è´å°”,è¿ˆå…‹å°”Â·å‡¯æ©", "time": "ä¸Šæ˜ æ—¶é—´ï¼š2006-10-20(ç¾å›½)", "star": "8.8"}
{"index": "73", "image": "http://p0.meituan.net/movie/9e9f12cfc1f54c973dda6c85bd3a139d334520.jpg@160w_220h_1e_1c", "name": "æ–°é¾™é—¨å®¢æ ˆ", "actor": "ä¸»æ¼”ï¼šå¼ æ›¼ç‰,æ¢å®¶è¾‰,ç”„å­ä¸¹", "time": "ä¸Šæ˜ æ—¶é—´ï¼š2012-02-24", "star": "8.8"}
{"index": "62", "image": "http://p0.meituan.net/movie/34998e31c6d07475f1add6b8b16fd21d192579.jpg@160w_220h_1e_1c", "name": "å°‘å¹´æ´¾çš„å¥‡å¹»æ¼‚æµ", "actor": "ä¸»æ¼”ï¼šè‹æ‹‰Â·æ²™ç›,ä¼Šå°”å‡¡Â·å¯æ±—,å¡”å¸ƒ", "time": "ä¸Šæ˜ æ—¶é—´ï¼š2012-11-22", "star": "9.1"}
star": "8.8"}
{"index": "74", "image": "http://p1.meituan.net/movie/8ad5a0f521fb15637dfdf9cab38d414453783.jpg@160w_220h_1e_1c", "name": "ç”œèœœèœœ", "actor": "ä¸»æ¼”ï¼šé»æ˜,å¼ æ›¼ç‰,æ›¾å¿—ä¼Ÿ", "time": "ä¸Šæ˜ æ—¶é—´ï¼š2015-02-13", "star": "9.2"}
{"index": "54", "image": "http://p0.meituan.net/movie/457a35fda360cb72090fa6dcbd1db3c1275333.jpg@160w_220h_1e_1c", "name": "æ€¦ç„¶å¿ƒåŠ¨", "actor": "ä¸»æ¼”ï¼šç›å¾·ç³Â·å¡ç½—å°”,å¡å…°Â·éº¦å…‹å¥¥åˆ©è²,è‰¾ä¸¹Â·å¥å› ", "time": "ä¸Šæ˜ æ—¶é—´ï¼š2010-08-06(ç¾å›½)", "star": "8.9"}
{"index": "75", "image": "http://p0.meituan.net/movie/7874ba1378033b0b491df0cc56c43d25221208.jpg@160w_220h_1e_1c", "name": "è§¦ä¸å¯åŠ", "actor": "ä¸»æ¼”ï¼šå¼—æœ—ç´¢ç“¦Â·å…‹é²å¡,å¥¥ç›Â·å¸Œ,å®‰å¨œÂ·å‹’å°¼", "time": "ä¸Šæ˜ æ—¶é—´ï¼š2011-11-02(æ³•å›½)", "star": "9.1"}
{"index": "23", "image": "http://p1.meituan.net/movie/b449893ebc63d5c54eb4a5b60341f334383831.jpg@160w_220h_1e_1c", "name": "åŠ å‹’æ¯”æµ·ç›—", "actor": "ä¸»æ¼”ï¼šçº¦ç¿°å°¼Â·å¾·æ™®,å‡¯æ‹‰Â·å¥ˆç‰¹è‰,å¥¥å…°å¤šÂ·å¸ƒé²å§†", "time": "ä¸Šæ˜ æ—¶é—´ï¼š2003-11-21", "star": "8.9"}
2011-08-04", "star": "9.0"}
{"index": "76", "image": "http://p0.meituan.net/movie/40/9791315.jpg@160w_220h_1e_1c", "name": "ç†”ç‚‰", "actor": "ä¸»æ¼”ï¼šå­”åˆ˜,éƒ‘æœ‰ç¾,é‡‘æ™ºè‹±", "time": "ä¸Šæ˜ æ—¶é—´ï¼š2011-09-22(éŸ©å›½)", "star": "8.8"}
{"index": "56", "image": "http://p0.meituan.net/movie/e71affe126eeb4f8bfcc738cbddeebc8288766.jpg@160w_220h_1e_1c", "name": "æ–­èƒŒå±±", "actor": "ä¸»æ¼”ï¼šå¸Œæ–¯Â·è±æ°,æ°å…‹Â·å‰ä¼¦å“ˆå°”,ç±³æ­‡å°”Â·å¨å»‰å§†æ–¯", "time": "ä¸Šæ˜ æ—¶é—´ï¼š2006-01-13(ç¾å›½)", "star": "9.0"}
}
{"index": "24", "image": "http://p1.meituan.net/movie/aacb9ed2a6601bfe515ef0970add1715623792.jpg@160w_220h_1e_1c", "name": "å“ˆåˆ©Â·æ³¢ç‰¹ä¸é­”æ³•çŸ³", "actor": "ä¸»æ¼”ï¼šä¸¹å°¼å°”Â·é›·å¾·å…‹é‡Œå¤«,é²ä¼¯ç‰¹Â·æ ¼æ—ç‰¹,è‰¾ç›Â·æ²ƒæ£®", "time": "ä¸Šæ˜ æ—¶é—´ï¼š2002-01-26", "star": "9.1"}
{"index": "77", "image": "http://p1.meituan.net/movie/dc2246233a6f5ac1e34c7176b602c8ca174557.jpg@160w_220h_1e_1c", "name": "å¤§è¯è¥¿æ¸¸ä¹‹å¤§åœ£å¨¶äº²", "actor": "ä¸»æ¼”ï¼šå‘¨æ˜Ÿé©°,æœ±èŒµ,è«æ–‡è”š", "time": "ä¸Šæ˜ æ—¶é—´ï¼š2014-10-24", "star": "8.8"}
{"index": "25", "image": "http://p0.meituan.net/movie/d12a1c198ad9ffac72b5db57feacb449294699.jpg@160w_220h_1e_1c", "name": "è™è ä¾ ï¼šé»‘æš—éª‘å£«", "actor": "ä¸»æ¼”ï¼šå…‹é‡Œæ–¯è’‚å®‰Â·è´å°”,å¸Œæ–¯Â·è±æ°,è‰¾ä¼¦Â·è‰¾å…‹å“ˆç‰¹", "time": "ä¸Šæ˜ æ—¶é—´ï¼š20{"index": "57", "image": "http://p0.meituan.net/movie/7cb7965469cb7ff95613714389f1ea3d87743.jpg@160w_220h_1e_1c", "name": "é—»é¦™è¯†å¥³äºº", "actor": "ä¸»æ¼”ï¼šé˜¿å°”Â·å¸•è¥¿è¯º,å…‹é‡Œæ–¯Â·å¥¥å”çº³,åŠ å¸ƒé‡ŒåŸƒå°”Â·å®‰ç“¦å°”", "time": "ä¸Šæ˜ æ—¶é—´ï¼š1992-12-23(ç¾å›½)", "star": "8.8"}
{"index": "78", "image": "http://p1.meituan.net/movie/bc7b6ababa54e11577d45c05e84a33af54072.jpg@160w_220h_1e_1c", "name": "å°é‹å­", "actor": "ä¸»æ¼”ï¼šé»˜ç½•é»˜å¾·Â·é˜¿ç±³å°”Â·çº³å‰,Kamal Mirkarimi,Behzad Rafi", "time": "ä¸Šæ˜ æ—¶é—´ï¼š1999-01-22(ç¾å›½)", "star": "9.1"}
{"index": "26", "image": "http://p0.meituan.net/movie/8959888ee0c399b0fe53a714bc8a5a17460048.jpg@160w_220h_1e_1c", "name": "æ¥šé—¨çš„ä¸–ç•Œ", "actor": "ä¸»æ¼”ï¼šé‡‘Â·å‡¯ç‘,åŠ³æ‹‰Â·ç³å¦®,è¯ºäºšÂ·è‰¾é»˜é‡Œå¥‡", "time": "ä¸Šæ˜ æ—¶é—´ï¼š1998-06-01(ç¾å›½)", "star": "8.9"}
", "star": "8.9"}
{"index": "58", "image": "http://p1.meituan.net/movie/0b507aa44c4dfbbcc91949b69b1b39a168922.jpg@160w_220h_1e_1c", "name": "é¬¼å­æ¥äº†", "actor": "ä¸»æ¼”ï¼šå§œæ–‡,å§œå®æ³¢,é™ˆå¼º", "time": "ä¸Šæ˜ æ—¶é—´ï¼š2000-05-12(æ³•å›½æˆ›çº³)", "star": "8.9"}
{"index": "79", "image": "http://p0.meituan.net/movie/4cc4c55c29b77b090485ce9943bf6f87274708.jpg@160w_220h_1e_1c", "name": "ç´ åª›", "actor": "ä¸»æ¼”ï¼šææ¥,è–›è€¿æ±‚,ä¸¥å¿—åª›", "time": "ä¸Šæ˜ æ—¶é—´ï¼š2013-10-02(éŸ©å›½)", "star": "9.1"}
{"index": "68", "image": "http://p1.meituan.net/movie/484171372de45945e8bbbcc97db57e09136701.jpg@160w_220h_1e_1c", "name": "é’¢ç´å®¶", "actor": "ä¸»æ¼”ï¼šè‰¾å¾·é‡Œå®‰Â·å¸ƒæ´›è¿ª,è‰¾ç±³è‰å¨…Â·ç¦å…‹æ–¯,ç±³å“ˆä¹ŒÂ·çƒ­å¸ƒç½—å¤«æ–¯åŸº", "time": "ä¸Šæ˜ æ—¶é—´ï¼š2002-09-25(æ³•å›½)", "star": "8.8"}
{"index": "59", "image": "http://p1.meituan.net/movie/4dddd98730274c3b1464ff0a0ad195e5233381.jpg@160w_220h_1e_1c", "name": "é£è¶Šç–¯äººé™¢", "actor": "ä¸»æ¼”ï¼šæ°å…‹Â·å°¼ç§‘å°”æ£®,è·¯æ˜“ä¸Â·å¼—è±å½»,å¨å°”Â·è¨å§†æ£®", "time": "ä¸Šæ˜ æ—¶é—´ï¼š1975-11-19(ç¾å›½)", "star": "8.8"}
{"index": "80", "image": "http://p0.meituan.net/movie/5420be40e3b755ffe04779b9b199e935256906.jpg@160w_220h_1e_1c", "name": "è¤ç«ä¹‹æ£®", "actor": "ä¸»æ¼”ï¼šå†…å±±æ˜‚è¾‰,ä½ä»“ç»«éŸ³,åè—¤å¼˜æ ‘", "time": "ä¸Šæ˜ æ—¶é—´ï¼š2011-09-17(æ—¥æœ¬)", "star": "9.0"}
{"index": "28", "image": "http://p1.meituan.net/movie/0d93b5b585ce29c6688e43f3989fb41f86421.jpg@160w_220h_1e_1c", "name": "æ— é—´é“", "actor": "ä¸»æ¼”ï¼šåˆ˜å¾·å,æ¢æœä¼Ÿ,é»„ç§‹ç”Ÿ", "time": "ä¸Šæ˜ æ—¶é—´ï¼š2003-09-05", "star": "9.1"}
¶é—´ï¼š1984-02-17(ç¾å›½)", "star": "9.1"}
{"index": "70", "image": "http://p1.meituan.net/movie/6d0510f326bf145dcf49a901fb949b77278838.jpg@160w_220h_1e_1c", "name": "å€©å¥³å¹½é­‚", "actor": "ä¸»æ¼”ï¼šå¼ å›½è£,ç‹ç¥–è´¤,åˆé©¬", "time": "ä¸Šæ˜ æ—¶é—´ï¼š2011-04-30", "star": "9.1"}
{"index": "29", "image": "http://p1.meituan.net/movie/7bac8bfa6739c18620065132ce9c64fa85110.jpg@160w_220h_1e_1c", "name": "æ•™çˆ¶2", "actor": "ä¸»æ¼”ï¼šé˜¿å°”Â·å¸•è¥¿è¯º,ç½—ä¼¯ç‰¹Â·å¾·å°¼ç½—,é»›å®‰Â·åŸºé¡¿", "time": "ä¸Šæ˜ æ—¶é—´ï¼š1974-12-12(ç¾å›½)", "star": "9.0"}
{"index": "30", "image": "http://p0.meituan.net/movie/5cfa597a98b35ee4ee598695942641ba287922.jpg@160w_220h_1e_1c", "name": "æŒ‡ç¯ç‹2ï¼šåŒå¡”å¥‡å…µ", "actor": "ä¸»æ¼”ï¼šä¼Šè±è´¾Â·ä¼å¾·,ä¼Šæ©Â·éº¦å…‹è±æ©,ä¸½èŠ™Â·æ³°å‹’", "time": "ä¸Šæ˜ æ—¶é—´ï¼š2003-04-25", "star": "9.1"}
{"index": "41", "image": "http://p1.meituan.net/movie/d5e5e53ef9bbd98223e83df261b51b84103223.jpg@160w_220h_1e_1c", "name": "ç–¯ç‹‚åŸå§‹äºº", "actor": "ä¸»æ¼”ï¼šå°¼å¤æ‹‰æ–¯Â·å‡¯å¥‡,è‰¾ç›Â·æ–¯é€š,ç‘æ©Â·é›·è¯ºå…¹", "time": "ä¸Šæ˜ æ—¶é—´ï¼š2013-04-20", "star": "9.5"}
{"index": "42", "image": "http://p1.meituan.net/movie/91f575ec93f019f428d1f33e3ceca7c5115495.jpg@160w_220h_1e_1c", "name": "é˜¿å‡¡è¾¾", "actor": "ä¸»æ¼”ï¼šè¨å§†Â·æ²ƒè¾›é¡¿,ä½ä¼ŠÂ·ç´¢å°”è¾¾å¨œ,ç±³æ­‡å°”Â·ç½—å¾·é‡Œæ ¼å…¹", "time": "ä¸Šæ˜ æ—¶é—´ï¼š2010-01-04", "star": "9.0"}
{"index": "43", "image": "http://p1.meituan.net/movie/4a4c84aa103ab47202f1aa907c5542a4128882.jpg@160w_220h_1e_1c", "name": "Vå­—ä»‡æ€é˜Ÿ", "actor": "ä¸»æ¼”ï¼šå¨œå¡”è‰Â·æ³¢ç‰¹æ›¼,é›¨æœÂ·ç»´æ–‡,æ–¯è’‚èŠ¬Â·ç‘", "time": "ä¸Šæ˜ æ—¶é—´ï¼š2006-03-17(ç¾å›½)", "star": "8.8"}
{"index": "44", "image": "http://p0.meituan.net/movie/4f9638ba234c3fb673f23a09968db875371576.jpg@160w_220h_1e_1c", "name": "é£ä¹‹è°·", "actor": "ä¸»æ¼”ï¼šå²›æœ¬é¡»ç¾,æ°¸äº•ä¸€éƒ,å‚æœ¬åƒå¤", "time": "ä¸Šæ˜ æ—¶é—´ï¼š1992", "star": "8.9"}
{"index": "1", "image": "http://p1.meituan.net/movie/20803f59291c47e1e116c11963ce019e68711.jpg@160w_220h_1e_1c", "name": "éœ¸ç‹åˆ«å§¬", "actor": "ä¸»æ¼”ï¼šå¼ å›½è£,å¼ ä¸°æ¯…,å·©ä¿", "time": "ä¸Šæ˜ æ—¶é—´ï¼š1993-01-01(ä¸­å›½é¦™æ¸¯)", "star": "9.6"}
{"index": "45", "image": "http://p0.meituan.net/movie/7cd18fcf0b4f9180500124711e81492994030.jpg@160w_220h_1e_1c", "name": "æ”¾ç‰›ç­çš„æ˜¥å¤©", "actor": "ä¸»æ¼”ï¼šçƒ­æ‹‰å°”Â·æœ±å°¼å¥¥,å°š-å·´å ¤Â·è«é‡Œè€¶,ç›ä¸½Â·å¸ƒå¥ˆå°”", "time": "ä¸Šæ˜ æ—¶é—´ï¼š2004-10-16", "star": "8.9"}
{"index": "2", "image": "http://p0.meituan.net/movie/283292171619cdfd5b240c8fd093f1eb255670.jpg@160w_220h_1e_1c", "name": "è‚–ç”³å…‹çš„æ•‘èµ", "actor": "ä¸»æ¼”ï¼šè’‚å§†Â·ç½—å®¾æ–¯,æ‘©æ ¹Â·å¼—é‡Œæ›¼,é²å‹ƒÂ·å†ˆé¡¿", "time": "ä¸Šæ˜ æ—¶é—´ï¼š1994-10-14(ç¾å›½)", "star": "9.5"}
{"index": "46", "image": "http://p1.meituan.net/movie/5896de3c1474277730e321c9b1db04a9205644.jpg@160w_220h_1e_1c", "name": "å½“å¹¸ç¦æ¥æ•²é—¨", "actor": "ä¸»æ¼”ï¼šå¨å°”Â·å²å¯†æ–¯,è´¾ç™»Â·å²å¯†æ–¯,å¦è¿ªÂ·ç‰›é¡¿", "time": "ä¸Šæ˜ æ—¶é—´ï¼š2008-01-17", "star": "8.9"}
{"index": "3", "image": "http://p0.meituan.net/movie/54617769d96807e4d81804284ffe2a27239007.jpg@160w_220h_1e_1c", "name": "ç½—é©¬å‡æ—¥", "actor": "ä¸»æ¼”ï¼šæ ¼åˆ©é«˜é‡ŒÂ·æ´¾å…‹,å¥¥é»›ä¸½Â·èµ«æœ¬,åŸƒè¿ªÂ·è‰¾ä¼¯ç‰¹", "time": "ä¸Šæ˜ æ—¶é—´ï¼š1953-09-02(ç¾å›½)", "star": "9.1"}
{"index": "47", "image": "http://p0.meituan.net/movie/df15efd261060d3094a73ef679888d4f238149.jpg@160w_220h_1e_1c", "name": "åäºŒæ€’æ±‰", "actor": "ä¸»æ¼”ï¼šäº¨åˆ©Â·æ–¹è¾¾,æÂ·ç§‘å¸ƒ,é©¬ä¸Â·é²å°”è¨å§†", "time": "ä¸Šæ˜ æ—¶é—´ï¼š1957-04-13(ç¾å›½)", "star": "9.1"}
{"index": "4", "image": "http://p0.meituan.net/movie/e55ec5d18ccc83ba7db68caae54f165f95924.jpg@160w_220h_1e_1c", "name": "è¿™ä¸ªæ€æ‰‹ä¸å¤ªå†·", "actor": "ä¸»æ¼”ï¼šè®©Â·é›·è¯º,åŠ é‡ŒÂ·å¥¥å¾·æ›¼,å¨œå¡”è‰Â·æ³¢ç‰¹æ›¼", "time": "ä¸Šæ˜ æ—¶é—´ï¼š1994-09-14(æ³•å›½)", "star": "9.5"}
{"index": "48", "image": "http://p1.meituan.net/movie/1d0fa86bcf7a44484b9c16ac6af5be68191952.jpg@160w_220h_1e_1c", "name": "é€Ÿåº¦ä¸æ¿€æƒ…5", "actor": "ä¸»æ¼”ï¼šèŒƒÂ·è¿ªå¡å°”,ä¿ç½—Â·æ²ƒå…‹,é“æ©Â·å¼ºæ£®", "time": "ä¸Šæ˜ æ—¶é—´ï¼š2011-05-12", "star": "9.2"}
{"index": "5", "image": "http://p1.meituan.net/movie/f5a924f362f050881f2b8f82e852747c118515.jpg@160w_220h_1e_1c", "name": "æ•™çˆ¶", "actor": "ä¸»æ¼”ï¼šé©¬é¾™Â·ç™½å…°åº¦,é˜¿å°”Â·å¸•è¥¿è¯º,è©¹å§†æ–¯Â·è‚¯æ©", "time": "ä¸Šæ˜ æ—¶é—´ï¼š1972-03-24(ç¾å›½)", "star": "9.3"}
{"index": "49", "image": "http://p1.meituan.net/movie/8194ae885ed9419aadf35c196af86ba4239039.jpg@160w_220h_1e_1c", "name": "é©¯é¾™é«˜æ‰‹", "actor": "ä¸»æ¼”ï¼šæ°ä¼ŠÂ·å·´é²åˆ‡å°”,æ°æ‹‰å¾·Â·å·´ç‰¹å‹’,äºšç¾è‰å¡Â·è´¹é›·æ‹‰", "time": "ä¸Šæ˜ æ—¶é—´ï¼š2010-05-14", "star": "9.0"}
{"index": "6", "image": "http://p1.meituan.net/movie/0699ac97c82cf01638aa5023562d6134351277.jpg@160w_220h_1e_1c", "name": "æ³°å¦å°¼å…‹å·", "actor": "ä¸»æ¼”ï¼šè±æ˜‚çº³å¤šÂ·è¿ªå¡æ™®é‡Œå¥¥,å‡¯ç‰¹Â·æ¸©ä¸è±ç‰¹,æ¯”åˆ©Â·èµæ©", "time": "ä¸Šæ˜ æ—¶é—´ï¼š1998-04-03", "star": "9.5"}
{"index": "50", "image": "http://p1.meituan.net/movie/f8e9d5a90224746d15dfdbd53d4fae3d209420.jpg@160w_220h_1e_1c", "name": "å‹‡æ•¢çš„å¿ƒ", "actor": "ä¸»æ¼”ï¼šæ¢…å°”Â·å‰å¸ƒæ£®,è‹è²Â·ç›ç´¢,å¸•ç‰¹é‡Œå…‹Â·éº¦é«˜æ±‰", "time": "ä¸Šæ˜ æ—¶é—´ï¼š1995-05-24(ç¾å›½)", "star": "8.8"}
{"index": "7", "image": "http://p0.meituan.net/movie/b03e9c52c585635d2cb6a3f7c08a8a50112441.jpg@160w_220h_1e_1c", "name": "é¾™çŒ«", "actor": "ä¸»æ¼”ï¼šæ—¥é«˜æ³•å­,å‚æœ¬åƒå¤,ç³¸äº•é‡é‡Œ", "time": "ä¸Šæ˜ æ—¶é—´ï¼š1988-04-16(æ—¥æœ¬)", "star": "9.2"}
{"index": "8", "image": "http://p0.meituan.net/movie/da64660f82b98cdc1b8a3804e69609e041108.jpg@160w_220h_1e_1c", "name": "å”ä¼¯è™ç‚¹ç§‹é¦™", "actor": "ä¸»æ¼”ï¼šå‘¨æ˜Ÿé©°,å·©ä¿,éƒ‘ä½©ä½©", "time": "ä¸Šæ˜ æ—¶é—´ï¼š1993-07-01(ä¸­å›½é¦™æ¸¯)", "star": "9.2"}
{"index": "9", "image": "http://p0.meituan.net/movie/b076ce63e9860ecf1ee9839badee5228329384.jpg@160w_220h_1e_1c", "name": "åƒä¸åƒå¯»", "actor": "ä¸»æ¼”ï¼šæŸŠç‘ ç¾,å…¥é‡è‡ªç”±,å¤æœ¨çœŸç†", "time": "ä¸Šæ˜ æ—¶é—´ï¼š2001-07-20(æ—¥æœ¬)", "star": "9.3"}
{"index": "10", "image": "http://p0.meituan.net/movie/46c29a8b8d8424bdda7715e6fd779c66235684.jpg@160w_220h_1e_1c", "name": "é­‚æ–­è“æ¡¥", "actor": "ä¸»æ¼”ï¼šè´¹é›¯Â·ä¸½,ç½—ä¼¯ç‰¹Â·æ³°å‹’,éœ²å¡å°”Â·æ²ƒç‰¹æ£®", "time": "ä¸Šæ˜ æ—¶é—´ï¼š1940-05-17(ç¾å›½)", "star": "9.2"}
{"index": "11", "image": "http://p0.meituan.net/movie/230e71d398e0c54730d58dc4bb6e4cca51662.jpg@160w_220h_1e_1c", "name": "ä¹±ä¸–ä½³äºº", "actor": "ä¸»æ¼”ï¼šè´¹é›¯Â·ä¸½,å…‹æ‹‰å…‹Â·ç›–åš,å¥¥åˆ©ç»´å¨…Â·å¾·å“ˆç»´å…°", "time": "ä¸Šæ˜ æ—¶é—´ï¼š1939-12-15(ç¾å›½)", "star": "9.1"}
{"index": "31", "image": "http://p1.meituan.net/movie/4592eef6b6dffcd1d950f55f41ab098f239816.jpg@160w_220h_1e_1c", "name": "æœºå™¨äººæ€»åŠ¨å‘˜", "actor": "ä¸»æ¼”ï¼šæœ¬Â·è´å°”ç‰¹,è‰¾ä¸½èÂ·å¥ˆç‰¹,æ°å¤«Â·æ ¼å°”æ—", "time": "ä¸Šæ˜ æ—¶é—´ï¼š2008-06-27(ç¾å›½)", "star": "9.3"}
{"index": "12", "image": "http://p1.meituan.net/movie/18e3191039d5e71562477659301f04aa61905.jpg@160w_220h_1e_1c", "name": "å–œå‰§ä¹‹ç‹", "actor": "ä¸»æ¼”ï¼šå‘¨æ˜Ÿé©°,è«æ–‡è”š,å¼ æŸèŠ", "time": "ä¸Šæ˜ æ—¶é—´ï¼š1999-02-13(ä¸­å›½é¦™æ¸¯)", "star": "9.2"}
{"index": "32", "image": "http://p0.meituan.net/movie/4c41068ef7608c1d4fbfbe6016e589f7204391.jpg@160w_220h_1e_1c", "name": "æ´»ç€", "actor": "ä¸»æ¼”ï¼šè‘›ä¼˜,å·©ä¿,ç‰›çŠ‡", "time": "ä¸Šæ˜ æ—¶é—´ï¼š1994-05-18(æ³•å›½)", "star": "9.0"}
{"index": "13", "image": "http://p1.meituan.net/movie/ba1ed511668402605ed369350ab779d6319397.jpg@160w_220h_1e_1c", "name": "å¤©ç©ºä¹‹åŸ", "actor": "ä¸»æ¼”ï¼šå¯ºç”°å†œ,é¹«å°¾çœŸçŸ¥å­,é¾Ÿå±±åŠ©æ¸…", "time": "ä¸Šæ˜ æ—¶é—´ï¼š1992", "star": "9.1"}
{"index": "33", "image": "http://p1.meituan.net/movie/779bcc212a50a2526343362778f6b63c334618.jpg@160w_220h_1e_1c", "name": "æ‹¯æ•‘å¤§å…µç‘æ©", "actor": "ä¸»æ¼”ï¼šæ±¤å§†Â·æ±‰å…‹æ–¯,é©¬ç‰¹Â·è¾¾è’™,æ±¤å§†Â·å¡å…¹æ‘©å°”", "time": "ä¸Šæ˜ æ—¶é—´ï¼š1998-07-24(ç¾å›½)", "star": "8.9"}
{"index": "14", "image": "http://p1.meituan.net/movie/14a7b337e8063e3ce05a5993ed80176b74208.jpg@160w_220h_1e_1c", "name": "å¤§é—¹å¤©å®«", "actor": "ä¸»æ¼”ï¼šé‚±å²³å³°,æ¯•å…‹,å¯Œæ¶¦ç”Ÿ", "time": "ä¸Šæ˜ æ—¶é—´ï¼š1965-12-31", "star": "9.0"}
{"index": "34", "image": "http://p1.meituan.net/movie/618e57ddb3173de6bbf2e278946b11f279679.jpg@160w_220h_1e_1c", "name": "å¤©å ‚ç”µå½±é™¢", "actor": "ä¸»æ¼”ï¼šè²åˆ©æ™®Â·åŠªç“¦é›·,èµ›å°”ä¹”Â·å¡æ–¯ç‰¹åˆ©æ‰˜,è’‚å…¹äºšå¨œÂ·ç½—è¾¾æ‰˜", "time": "ä¸Šæ˜ æ—¶é—´ï¼š1988-11-17(æ„å¤§åˆ©)", "star": "9.2"}
{"index": "15", "image": "http://p1.meituan.net/movie/39ed7a0941a3604bba78d299b11a18ce119679.jpg@160w_220h_1e_1c", "name": "è¾›å¾·å‹’çš„åå•", "actor": "ä¸»æ¼”ï¼šè¿å§†Â·å°¼æ£®,æ‹‰å°”å¤«Â·è´¹å› æ–¯,æœ¬Â·é‡‘æ–¯åˆ©", "time": "ä¸Šæ˜ æ—¶é—´ï¼š1993-12-15(ç¾å›½)", "star": "9.2"}
{"index": "35", "image": "http://p0.meituan.net/movie/0127b451d5b8f0679c6f81c8ed414bb2432442.jpg@160w_220h_1e_1c", "name": "å“ˆå°”çš„ç§»åŠ¨åŸå ¡", "actor": "ä¸»æ¼”ï¼šå€èµåƒæƒ å­,æœ¨æ‘æ‹“å“‰,ç¾è½®æ˜å®", "time": "ä¸Šæ˜ æ—¶é—´ï¼š2004-11-20(æ—¥æœ¬)", "star": "9.0"}
{"index": "16", "image": "http://p1.meituan.net/movie/6bc004d57358ee6875faa5e9a1239140128550.jpg@160w_220h_1e_1c", "name": "éŸ³ä¹ä¹‹å£°", "actor": "ä¸»æ¼”ï¼šæœ±è‰Â·å®‰å¾·é²æ–¯,å…‹é‡Œæ–¯æ‰˜å¼—Â·æ™®å¢é»˜,åŸƒç³è¯ºÂ·å¸•å…‹", "time": "ä¸Šæ˜ æ—¶é—´ï¼š1965-03-02(ç¾å›½)", "star": "9.0"}
{"index": "36", "image": "http://p0.meituan.net/movie/7787c10ad5e95b03cf83ef9473500d8e282796.jpg@160w_220h_1e_1c", "name": "å¿ çŠ¬å…«å…¬çš„æ•…äº‹", "actor": "ä¸»æ¼”ï¼šForest,ç†æŸ¥Â·åŸºå°”,ç¼Â·è‰¾ä¼¦", "time": "ä¸Šæ˜ æ—¶é—´ï¼š2010-03-12(è‹±å›½)", "star": "9.3"}
{"index": "17", "image": "http://p0.meituan.net/movie/ae7245920d95c03765fe1615f3a1fe3865785.jpg@160w_220h_1e_1c", "name": "æ˜¥å…‰ä¹æ³„", "actor": "ä¸»æ¼”ï¼šå¼ å›½è£,æ¢æœä¼Ÿ,å¼ éœ‡", "time": "ä¸Šæ˜ æ—¶é—´ï¼š1997-05-30(ä¸­å›½é¦™æ¸¯)", "star": "9.2"}
{"index": "37", "image": "http://p1.meituan.net/movie/7e471a9171a410ebc9413b2f1de67afc130067.jpg@160w_220h_1e_1c", "name": "ä¸œé‚ªè¥¿æ¯’", "actor": "ä¸»æ¼”ï¼šå¼ å›½è£,æ¢æœä¼Ÿ,åˆ˜å˜‰ç²", "time": "ä¸Šæ˜ æ—¶é—´ï¼š1994-09-17", "star": "8.9"}
{"index": "18", "image": "http://p1.meituan.net/movie/0e91ffcfa7e53449216cc29ee8af513a75791.jpg@160w_220h_1e_1c", "name": "å‰ªåˆ€æ‰‹çˆ±å¾·å", "actor": "ä¸»æ¼”ï¼šçº¦ç¿°å°¼Â·å¾·æ™®,è–‡è¯ºå¨œÂ·ç‘å¾·,é»›å®‰Â·éŸ¦æ–¯ç‰¹", "time": "ä¸Šæ˜ æ—¶é—´ï¼š1990-12-06(ç¾å›½)", "star": "8.8"}
{"index": "38", "image": "http://p0.meituan.net/movie/6ab1882a217e848acceb240365043d53329196.jpg@160w_220h_1e_1c", "name": "å¹½çµå…¬ä¸»", "actor": "ä¸»æ¼”ï¼šæ¾ç”°æ´‹æ²»,çŸ³ç”°ç™¾åˆå­,ç”°ä¸­è£•å­", "time": "ä¸Šæ˜ æ—¶é—´ï¼š1997-07-12(æ—¥æœ¬)", "star": "8.9"}
{"index": "19", "image": "http://p0.meituan.net/movie/43d259ecbcd53e8bbe902632772281d6327525.jpg@160w_220h_1e_1c", "name": "ç¾ä¸½äººç”Ÿ", "actor": "ä¸»æ¼”ï¼šç½—ä¼¯æ‰˜Â·è´å°¼å°¼,å°¼å¯è±å¡”Â·å¸ƒæ‹‰æ–¯åŸº,ä¹”æ²»Â·åå¡”é‡Œå°¼", "time": "ä¸Šæ˜ æ—¶é—´ï¼š1997-12-20(æ„å¤§åˆ©)", "star": "9.3"}
{"index": "39", "image": "http://p1.meituan.net/movie/2f344a9f9575edbcae9f0abe0578bc90339773.jpg@160w_220h_1e_1c", "name": "ç›—æ¢¦ç©ºé—´", "actor": "ä¸»æ¼”ï¼šè±æ˜‚çº³å¤šÂ·è¿ªå¡æ™®é‡Œå¥¥,æ¸¡è¾¹è°¦,çº¦ç‘Ÿå¤«Â·é«˜ç™»-è±ç»´ç‰¹", "time": "ä¸Šæ˜ æ—¶é—´ï¼š2010-09-01", "star": "9.2"}
{"index": "20", "image": "http://p1.meituan.net/movie/c15b7623cce2f51c75562a3baefe507b68290.jpg@160w_220h_1e_1c", "name": "æµ·ä¸Šé’¢ç´å¸ˆ", "actor": "ä¸»æ¼”ï¼šè’‚å§†Â·ç½—æ–¯,æ™®è·¯ç‰¹Â·æ³°å‹’Â·æ–‡æ–¯,æ¯”å°”Â·åŠªæ©", "time": "ä¸Šæ˜ æ—¶é—´ï¼š1998-10-28(æ„å¤§åˆ©)", "star": "9.2"}
{"index": "40", "image": "http://p1.meituan.net/movie/c5e76795bf7a78b12a2ffabb4a0c5c11112921.jpg@160w_220h_1e_1c", "name": "æå‡»ä¿±ä¹éƒ¨", "actor": "ä¸»æ¼”ï¼šçˆ±å¾·åÂ·è¯ºé¡¿,å¸ƒæ‹‰å¾·Â·çš®ç‰¹,æµ·ä¼¦å¨œÂ·ä¼¯ç¿°Â·å¡ç‰¹", "time": "ä¸Šæ˜ æ—¶é—´ï¼š1999-10-15(ç¾å›½)", "star": "8.8"}
{"index": "91", "image": "http://p1.meituan.net/movie/73349facab53529ab9e079c6c8c7c059281729.jpg@160w_220h_1e_1c", "name": "ä¸ƒæ­¦å£«", "actor": "ä¸»æ¼”ï¼šä¸‰èˆ¹æ•éƒ,å¿—æ‘ä¹”,åƒç§‹å®", "time": "ä¸Šæ˜ æ—¶é—´ï¼š1954-04-26(æ—¥æœ¬)", "star": "9.1"}
{"index": "92", "image": "http://p1.meituan.net/movie/2c0a5fedf4b43d142121b91c6ccabe1b59051.jpg@160w_220h_1e_1c", "name": "ä¸€ä¸€", "actor": "ä¸»æ¼”ï¼šå´å¿µçœŸ,é‡‘ç‡•ç²,æå‡¯è‰", "time": "ä¸Šæ˜ æ—¶é—´ï¼š2000-09-20(æ³•å›½)", "star": "8.9"}
{"index": "93", "image": "http://p1.meituan.net/movie/30310858fdab34c7a17cfd7ec8ad8bfc112201.jpg@160w_220h_1e_1c", "name": "å®Œç¾çš„ä¸–ç•Œ", "actor": "ä¸»æ¼”ï¼šå‡¯æ–‡Â·ç§‘æ–¯ç‰¹çº³,å…‹æ—ç‰¹Â·ä¼Šæ–¯ç‰¹ä¼å¾·,TÂ·JÂ·åŠ³ç‘Ÿ", "time": "ä¸Šæ˜ æ—¶é—´ï¼š1993-11-24(ç¾å›½)", "star": "8.9"}
{"index": "81", "image": "http://p1.meituan.net/movie/a0e0426a4390f5ecb49d25770a184dc0150779.jpg@160w_220h_1e_1c", "name": "ç©¿æ¡çº¹ç¡è¡£çš„ç”·å­©", "actor": "ä¸»æ¼”ï¼šé˜¿è¨Â·å·´ç‰¹è²å°”å¾·,ç»´æ‹‰Â·æ³•ç±³åŠ ,å¤§å«Â·ä¼‘é‡Œæ–¯", "time": "ä¸Šæ˜ æ—¶é—´ï¼š2008-09-12(è‹±å›½)", "star": "9.0"}
{"index": "94", "image": "http://p0.meituan.net/movie/0018b57299d0d4540330a31244c880a9112971.jpg@160w_220h_1e_1c", "name": "æµ·æ´‹", "actor": "ä¸»æ¼”ï¼šé›…å…‹Â·è´æ±‰,å§œæ–‡,å…°æ–¯æ´›ç‰¹Â·è´æ±‰", "time": "ä¸Šæ˜ æ—¶é—´ï¼š2011-08-12", "star": "9.0"}
{"index": "82", "image": "http://p0.meituan.net/movie/3985eaf3858bea0f2a3d966bf7ee2103178217.jpg@160w_220h_1e_1c", "name": "çªƒå¬é£æš´", "actor": "ä¸»æ¼”ï¼šä¹Œå°”é‡Œå¸ŒÂ·ç©†åŸƒ,å¡å·´æ–¯è’‚å®‰Â·ç§‘èµ«,é©¬è’‚å¨œÂ·æ ¼å¾·å…‹", "time": "ä¸Šæ˜ æ—¶é—´ï¼š2006-03-23(å¾·å›½)", "star": "9.0"}
{"index": "95", "image": "http://p1.meituan.net/movie/36a893c53a13f9bb934071b86ae3b5c492427.jpg@160w_220h_1e_1c", "name": "çˆ±Â·å›å®¶", "actor": "ä¸»æ¼”ï¼šä¿æ‰¿è±ª,é‡‘è‰ºèŠ¬,ç«¥å­ç†™", "time": "ä¸Šæ˜ æ—¶é—´ï¼š2002-04-05(éŸ©å›½)", "star": "9.0"}
{"index": "83", "image": "http://p0.meituan.net/movie/4abc8c932cfacfc0089e2883765d02d1295222.jpg@160w_220h_1e_1c", "name": "æ—¶ç©ºæ‹æ—…äºº", "actor": "ä¸»æ¼”ï¼šç‘ç§‹Â·éº¦å…‹äºšå½“æ–¯,å¤šå§†çº³å°”Â·æ ¼é‡Œæ£®,æ¯”å°”Â·å¥ˆä¼Š", "time": "ä¸Šæ˜ æ—¶é—´ï¼š2013-09-04(è‹±å›½)", "star": "8.9"}
{"index": "96", "image": "http://p1.meituan.net/movie/9bff56ed3ea38bb1825daa1d354bc92352781.jpg@160w_220h_1e_1c", "name": "é»„é‡‘ä¸‰é•–å®¢", "actor": "ä¸»æ¼”ï¼šå…‹æ—ç‰¹Â·ä¼Šæ–¯ç‰¹ä¼å¾·,æÂ·èŒƒÂ·å…‹é‡Œå¤«,åŸƒé‡ŒÂ·ç“¦æ‹‰èµ«", "time": "ä¸Šæ˜ æ—¶é—´ï¼š1966-12-23(æ„å¤§åˆ©)", "star": "8.9"}
{"index": "84", "image": "http://p0.meituan.net/movie/b5ff0216e689b3fcc065590c48cd5105255305.jpg@160w_220h_1e_1c", "name": "ææ€–ç›´æ’­", "actor": "ä¸»æ¼”ï¼šæ²³æ­£å®‡,æç’Ÿè£,æå¤§ä¸º", "time": "ä¸Šæ˜ æ—¶é—´ï¼š2013-07-31(éŸ©å›½)", "star": "8.8"}
{"index": "97", "image": "http://p1.meituan.net/movie/ed50b58bf636d207c56989872a91f4cf305138.jpg@160w_220h_1e_1c", "name": "æˆ‘çˆ±ä½ ", "actor": "ä¸»æ¼”ï¼šå®‹åœ¨æµ©,æé¡ºæ‰,å°¹ç§€æ™¶", "time": "ä¸Šæ˜ æ—¶é—´ï¼š2011-02-17(éŸ©å›½)", "star": "9.0"}
{"index": "85", "image": "http://p0.meituan.net/movie/ce262f261f69fc3d679020402336a4af270365.jpg@160w_220h_1e_1c", "name": "å€Ÿä¸œè¥¿çš„å°äººé˜¿è‰åŸƒè’‚", "actor": "ä¸»æ¼”ï¼šå¿—ç”°æœªæ¥,ç¥æœ¨éš†ä¹‹ä»‹,å¤§ç«¹å¿", "time": "ä¸Šæ˜ æ—¶é—´ï¼š2010-07-17(æ—¥æœ¬)", "star": "8.8"}
{"index": "98", "image": "http://p1.meituan.net/movie/a1634f4e49c8517ae0a3e4adcac6b0dc43994.jpg@160w_220h_1e_1c", "name": "è¿å¾™çš„é¸Ÿ", "actor": "ä¸»æ¼”ï¼šé›…å…‹Â·è´æ±‰,Philippe Labro", "time": "ä¸Šæ˜ æ—¶é—´ï¼š2001-12-12(æ³•å›½)", "star": "9.1"}
{"index": "86", "image": "http://p1.meituan.net/movie/6a6e74b2c289f9fa4433dd2dc04a7741331638.jpg@160w_220h_1e_1c", "name": "7å·æˆ¿çš„ç¤¼ç‰©", "actor": "ä¸»æ¼”ï¼šæŸ³æ‰¿é¾™,éƒ‘é•‡è£,æœ´ä¿¡æƒ ", "time": "ä¸Šæ˜ æ—¶é—´ï¼š2013-01-23(éŸ©å›½)", "star": "8.9"}
{"index": "99", "image": "http://p0.meituan.net/movie/885fc379c614a2b4175587b95ac98eb95045650.jpg@160w_220h_1e_1c", "name": "é˜¿é£æ­£ä¼ ", "actor": "ä¸»æ¼”ï¼šå¼ å›½è£,å¼ æ›¼ç‰,åˆ˜å¾·å", "time": "ä¸Šæ˜ æ—¶é—´ï¼š2018-06-25", "star": "8.8"}
{"index": "87", "image": "http://p0.meituan.net/movie/7373dbba07b50ce6f24336edb96b2ea4271536.jpg@160w_220h_1e_1c", "name": "æµ·è±šæ¹¾", "actor": "ä¸»æ¼”ï¼šé‡Œå…‹Â·å¥¥å·´ç‘,è·¯æ˜“Â·è¥¿éœå°¤æ–¯,å“ˆè¿ªÂ·ç¼æ–¯", "time": "ä¸Šæ˜ æ—¶é—´ï¼š2009-07-31(ç¾å›½)", "star": "8.9"}
{"index": "100", "image": "http://p0.meituan.net/movie/3e5f5f3aa4b7e5576521e26c2c7c894d253975.jpg@160w_220h_1e_1c", "name": "è‹±é›„æœ¬è‰²", "actor": "ä¸»æ¼”ï¼šç‹„é¾™,å¼ å›½è£,å‘¨æ¶¦å‘", "time": "ä¸Šæ˜ æ—¶é—´ï¼š2017-11-17", "star": "9.2"}
{"index": "88", "image": "http://p1.meituan.net/movie/c835b3588d0061ed3b992388a0a96f15160913.jpg@160w_220h_1e_1c", "name": "å¿ çŠ¬å…«å…¬ç‰©è¯­", "actor": "ä¸»æ¼”ï¼šä»²ä»£è¾¾çŸ¢,æ˜¥å·çœŸæ¾„,äº•å·æ¯”ä½å¿—", "time": "ä¸Šæ˜ æ—¶é—´ï¼š1987-08-01(æ—¥æœ¬)", "star": "9.0"}
{"index": "89", "image": "http://p1.meituan.net/movie/b553d13f30100db731ab6cf45668e52d94703.jpg@160w_220h_1e_1c", "name": "ä¸Šå¸ä¹‹åŸ", "actor": "ä¸»æ¼”ï¼šäºšå†æ¡‘å¾·é›·Â·ç½—å¾·é‡Œæ ¼æ–¯,è‰¾è‰ä¸Â·å¸ƒæ‹‰åŠ ,è±å®‰å¾·é²Â·è²å°”ç±³è¯º", "time": "ä¸Šæ˜ æ—¶é—´ï¼š2002-08-30(å·´è¥¿)", "star": "8.9"}
{"index": "90", "image": "http://p0.meituan.net/movie/8fabf3894b7d12d3d2f6e66404813670265761.jpg@160w_220h_1e_1c", "name": "è¾©æŠ¤äºº", "actor": "ä¸»æ¼”ï¼šå®‹åº·æ˜Š,éƒ­åº¦æ²…,å´è¾¾æ´™", "time": "ä¸Šæ˜ æ—¶é—´ï¼š2013-12-18(éŸ©å›½)", "star": "8.8"}
